timestamp,accel_x,accel_y,accel_z,lat,lon
1682000001.0,0.00,0.03,1.05,37.77500,-122.41935
1682000002.0,-0.04,-0.00,0.08,37.77510,-122.41930
1682000003.0,0.01,0.03,0.95,37.77520,-122.41925
1682000004.0,-0.03,0.04,0.98,37.77530,-122.41920
1682000005.0,0.02,0.04,0.99,37.77540,-122.41915
1682000006.0,0.05,-0.04,0.95,37.77550,-122.41910
1682000007.0,-0.05,0.04,1.02,37.77560,-122.41905
1682000008.0,0.00,-0.04,1.02,37.77570,-122.41900
1682000009.0,0.01,0.01,0.96,37.77580,-122.41895
1682000010.0,0.04,-0.05,0.99,37.77590,-122.41890
1682000011.0,-0.00,-0.02,0.99,37.77600,-122.41885
1682000012.0,0.05,0.02,1.01,37.77610,-122.41880
1682000013.0,-0.04,0.05,1.04,37.77620,-122.41875
1682000014.0,0.05,-0.03,1.01,37.77630,-122.41870
1682000015.0,0.03,0.00,0.95,37.77640,-122.41865
1682000016.0,-0.03,0.03,1.05,37.77650,-122.41860
1682000017.0,0.01,0.02,1.02,37.77660,-122.41855
1682000018.0,-0.04,0.05,0.95,37.77670,-122.41850
1682000019.0,0.05,-0.03,0.98,37.77680,-122.41845
1682000020.0,0.03,0.02,0.96,37.77690,-122.41840
1682000021.0,-0.01,-0.04,0.96,37.77700,-122.41835
1682000022.0,-0.03,-0.01,0.98,37.77710,-122.41830
1682000023.0,0.01,-0.03,1.05,37.77720,-122.41825
1682000024.0,0.04,0.02,1.03,37.77730,-122.41820
1682000025.0,-0.00,-0.01,0.95,37.77740,-122.41815
1682000026.0,0.03,-0.03,0.99,37.77750,-122.41810
1682000027.0,-0.02,-0.05,1.01,37.77760,-122.41805
1682000028.0,-0.05,-0.00,1.01,37.77770,-122.41800
1682000029.0,-0.05,-0.05,0.97,37.77780,-122.41795
1682000030.0,0.05,-0.04,0.96,37.77790,-122.41790
1682000031.0,-0.04,-0.04,1.02,37.77800,-122.41785
1682000032.0,0.01,-0.05,0.97,37.77810,-122.41780
1682000033.0,0.01,-0.02,1.03,37.77820,-122.41775
1682000034.0,-0.01,0.01,1.03,37.77830,-122.41770
1682000035.0,-0.03,-0.02,0.95,37.77840,-122.41765
1682000036.0,0.05,-0.03,1.04,37.77850,-122.41760
1682000037.0,-0.01,-0.01,1.01,37.77860,-122.41755
1682000038.0,-0.03,0.03,0.98,37.77870,-122.41750
1682000039.0,-0.05,-0.05,0.99,37.77880,-122.41745
1682000040.0,-0.00,-0.01,0.97,37.77890,-122.41740
1682000041.0,-0.01,-0.01,0.99,37.77900,-122.41735
1682000042.0,-0.04,-0.02,0.97,37.77910,-122.41730
1682000043.0,-0.01,-0.01,1.01,37.77920,-122.41725
1682000044.0,0.02,-0.01,1.01,37.77930,-122.41720
1682000045.0,0.04,0.02,1.03,37.77940,-122.41715
1682000046.0,-0.00,0.01,4.46,37.77950,-122.41710
1682000047.0,-0.00,0.05,-0.41,37.77960,-122.41705
1682000048.0,-0.01,0.02,0.98,37.77970,-122.41700
1682000049.0,-0.00,0.02,0.98,37.77980,-122.41695
1682000050.0,0.02,-0.02,0.99,37.77990,-122.41690
1682000051.0,-0.02,-0.03,1.00,37.78000,-122.41685
1682000052.0,-0.03,-0.02,1.02,37.78010,-122.41680
1682000053.0,-0.04,0.05,1.02,37.78020,-122.41675
1682000054.0,0.00,-0.03,1.00,37.78030,-122.41670
1682000055.0,-0.02,-0.03,0.96,37.78040,-122.41665
1682000056.0,0.00,-0.05,1.00,37.78050,-122.41660
1682000057.0,-0.04,-0.02,1.02,37.78060,-122.41655
1682000058.0,-0.04,-0.01,1.03,37.78070,-122.41650
1682000059.0,0.02,0.05,0.96,37.78080,-122.41645
1682000060.0,0.04,-0.02,1.01,37.78090,-122.41640
1682000061.0,0.02,-0.04,1.01,37.78100,-122.41635
1682000062.0,-0.04,0.04,1.01,37.78110,-122.41630
1682000063.0,0.02,-0.04,1.01,37.78120,-122.41625
1682000064.0,-0.00,-0.04,0.96,37.78130,-122.41620
1682000065.0,0.02,-0.04,1.05,37.78140,-122.41615
1682000066.0,0.01,0.01,1.01,37.78150,-122.41610
1682000067.0,0.00,0.04,1.00,37.78160,-122.41605
1682000068.0,-0.03,-0.05,1.01,37.78170,-122.41600
1682000069.0,-0.01,-0.05,1.04,37.78180,-122.41595
1682000070.0,-0.04,0.03,1.02,37.78190,-122.41590
1682000071.0,0.01,-0.03,1.00,37.78200,-122.41585
1682000072.0,0.01,0.02,1.03,37.78210,-122.41580
1682000073.0,-0.02,0.02,1.00,37.78220,-122.41575
1682000074.0,0.04,-0.01,0.96,37.78230,-122.41570
1682000075.0,-0.02,-0.01,0.99,37.78240,-122.41565
1682000076.0,-0.02,-0.04,0.95,37.78250,-122.41560
1682000077.0,-0.04,0.02,1.01,37.78260,-122.41555
1682000078.0,0.03,0.00,1.02,37.78270,-122.41550
1682000079.0,-0.04,0.01,1.01,37.78280,-122.41545
1682000080.0,-0.05,0.04,1.02,37.78290,-122.41540
1682000081.0,0.01,0.04,0.96,37.78300,-122.41535
1682000082.0,0.02,-0.02,0.95,37.78310,-122.41530
1682000083.0,0.04,0.04,0.98,37.78320,-122.41525
1682000084.0,0.04,0.02,0.97,37.78330,-122.41520
1682000085.0,0.01,0.02,1.03,37.78340,-122.41515
1682000086.0,0.04,0.01,1.00,37.78350,-122.41510
1682000087.0,-0.04,0.02,1.03,37.78360,-122.41505
1682000088.0,-0.01,0.04,1.01,37.78370,-122.41500
1682000089.0,-0.03,-0.05,0.96,37.78380,-122.41495
1682000090.0,-0.04,0.04,0.95,37.78390,-122.41490
1682000091.0,0.31,0.03,3.31,37.78400,-122.41485
1682000092.0,0.05,-0.03,0.02,37.78410,-122.41480
1682000093.0,0.02,0.00,0.98,37.78420,-122.41475
1682000094.0,-0.03,0.03,0.98,37.78430,-122.41470
1682000095.0,-0.02,-0.04,0.99,37.78440,-122.41465
1682000096.0,0.04,0.04,1.00,37.78450,-122.41460
1682000097.0,-0.00,0.01,1.01,37.78460,-122.41455
1682000098.0,0.03,-0.03,1.03,37.78470,-122.41450
1682000099.0,0.00,0.01,0.95,37.78480,-122.41445
1682000100.0,0.04,-0.04,1.05,37.78490,-122.41440
1682000101.0,-0.04,-0.02,1.02,37.78500,-122.41435
1682000102.0,-0.01,-0.00,0.96,37.78510,-122.41430
1682000103.0,0.01,0.01,1.03,37.78520,-122.41425
1682000104.0,-0.02,0.05,1.00,37.78530,-122.41420
1682000105.0,0.03,0.04,1.04,37.78540,-122.41415
1682000106.0,-0.04,-0.00,1.03,37.78550,-122.41410
1682000107.0,-0.04,0.01,0.95,37.78560,-122.41405
1682000108.0,0.03,-0.03,0.98,37.78570,-122.41400
1682000109.0,-0.02,0.04,1.01,37.78580,-122.41395
1682000110.0,0.01,0.04,1.00,37.78590,-122.41390
1682000111.0,0.04,-0.02,0.96,37.78600,-122.41385
1682000112.0,-0.01,-0.01,1.04,37.78610,-122.41380
1682000113.0,0.02,0.05,0.99,37.78620,-122.41375
1682000114.0,-0.05,0.05,0.97,37.78630,-122.41370
1682000115.0,0.03,-0.04,1.03,37.78640,-122.41365
1682000116.0,0.04,-0.00,1.05,37.78650,-122.41360
1682000117.0,0.04,-0.01,0.99,37.78660,-122.41355
1682000118.0,0.02,-0.04,0.98,37.78670,-122.41350
1682000119.0,-0.01,-0.02,1.03,37.78680,-122.41345
1682000120.0,0.03,-0.04,0.97,37.78690,-122.41340
1682000121.0,0.01,0.02,1.02,37.78700,-122.41335
1682000122.0,0.05,0.01,1.00,37.78710,-122.41330
1682000123.0,-0.03,-0.00,1.03,37.78720,-122.41325
1682000124.0,-0.04,-0.01,1.03,37.78730,-122.41320
1682000125.0,-0.01,0.01,1.02,37.78740,-122.41315
1682000126.0,-0.04,-0.03,1.04,37.78750,-122.41310
1682000127.0,0.04,-0.01,1.02,37.78760,-122.41305
1682000128.0,-0.02,-0.04,1.04,37.78770,-122.41300
1682000129.0,-0.03,-0.05,1.05,37.78780,-122.41295
1682000130.0,0.01,0.04,1.04,37.78790,-122.41290
1682000131.0,-0.04,0.01,0.96,37.78800,-122.41285
1682000132.0,0.00,0.01,1.00,37.78810,-122.41280
1682000133.0,0.03,-0.01,1.01,37.78820,-122.41275
1682000134.0,0.04,0.00,0.98,37.78830,-122.41270
1682000135.0,0.02,-0.01,1.02,37.78840,-122.41265
1682000136.0,-0.16,-0.02,3.96,37.78850,-122.41260
1682000137.0,-0.02,0.04,0.42,37.78860,-122.41255
1682000138.0,-0.04,0.04,1.03,37.78870,-122.41250
1682000139.0,0.03,-0.01,1.02,37.78880,-122.41245
1682000140.0,-0.04,-0.02,1.05,37.78890,-122.41240
1682000141.0,-0.01,-0.01,0.96,37.78900,-122.41235
1682000142.0,-0.02,-0.01,1.01,37.78910,-122.41230
1682000143.0,0.00,0.03,1.01,37.78920,-122.41225
1682000144.0,-0.05,-0.01,1.04,37.78930,-122.41220
1682000145.0,0.02,-0.03,1.00,37.78940,-122.41215
1682000146.0,-0.05,0.05,1.05,37.78950,-122.41210
1682000147.0,0.00,0.03,0.95,37.78960,-122.41205
1682000148.0,0.02,0.04,1.04,37.78970,-122.41200
1682000149.0,-0.03,-0.01,1.03,37.78980,-122.41195
1682000150.0,-0.03,0.01,1.04,37.78990,-122.41190
1682000151.0,-0.01,-0.02,1.01,37.79000,-122.41185
1682000152.0,0.01,0.04,1.01,37.79010,-122.41180
1682000153.0,0.02,-0.01,0.99,37.79020,-122.41175
1682000154.0,-0.01,-0.01,0.98,37.79030,-122.41170
1682000155.0,0.01,0.03,1.05,37.79040,-122.41165
1682000156.0,0.02,-0.04,0.95,37.79050,-122.41160
1682000157.0,0.03,0.02,0.96,37.79060,-122.41155
1682000158.0,-0.04,-0.02,0.96,37.79070,-122.41150
1682000159.0,-0.03,-0.04,0.99,37.79080,-122.41145
1682000160.0,0.01,-0.01,1.05,37.79090,-122.41140
1682000161.0,0.01,0.00,1.01,37.79100,-122.41135
1682000162.0,0.04,0.03,1.00,37.79110,-122.41130
1682000163.0,-0.01,0.04,1.04,37.79120,-122.41125
1682000164.0,0.04,0.04,0.99,37.79130,-122.41120
1682000165.0,-0.05,0.02,1.03,37.79140,-122.41115
1682000166.0,-0.02,0.02,0.99,37.79150,-122.41110
1682000167.0,0.04,-0.03,0.98,37.79160,-122.41105
1682000168.0,0.02,-0.01,1.04,37.79170,-122.41100
1682000169.0,-0.01,-0.00,0.98,37.79180,-122.41095
1682000170.0,0.03,0.04,1.01,37.79190,-122.41090
1682000171.0,-0.01,0.01,1.04,37.79200,-122.41085
1682000172.0,-0.05,0.00,1.00,37.79210,-122.41080
1682000173.0,0.03,-0.01,1.03,37.79220,-122.41075
1682000174.0,0.02,0.02,1.00,37.79230,-122.41070
1682000175.0,0.01,0.01,1.03,37.79240,-122.41065
1682000176.0,0.02,-0.02,1.03,37.79250,-122.41060
1682000177.0,-0.02,-0.03,1.03,37.79260,-122.41055
1682000178.0,0.00,-0.02,1.00,37.79270,-122.41050
1682000179.0,-0.03,0.01,1.04,37.79280,-122.41045
1682000180.0,-0.02,-0.04,0.99,37.79290,-122.41040
1682000181.0,0.09,0.02,3.49,37.79300,-122.41035
1682000182.0,-0.03,-0.03,-0.20,37.79310,-122.41030
1682000183.0,-0.01,0.05,0.96,37.79320,-122.41025
1682000184.0,-0.04,-0.01,1.02,37.79330,-122.41020
1682000185.0,0.01,0.02,0.98,37.79340,-122.41015
1682000186.0,0.03,0.02,1.01,37.79350,-122.41010
1682000187.0,0.05,-0.03,0.97,37.79360,-122.41005
1682000188.0,0.01,-0.04,1.04,37.79370,-122.41000
1682000189.0,-0.03,0.02,1.01,37.79380,-122.40995
1682000190.0,-0.05,0.00,1.01,37.79390,-122.40990
1682000191.0,-0.03,-0.05,1.03,37.79400,-122.40985
1682000192.0,0.00,0.01,0.96,37.79410,-122.40980
1682000193.0,-0.02,-0.05,1.03,37.79420,-122.40975
1682000194.0,0.04,-0.03,0.96,37.79430,-122.40970
1682000195.0,0.05,0.03,1.04,37.79440,-122.40965
1682000196.0,0.03,0.02,1.02,37.79450,-122.40960
1682000197.0,-0.04,-0.01,1.05,37.79460,-122.40955
1682000198.0,0.01,-0.02,0.96,37.79470,-122.40950
1682000199.0,0.01,0.01,0.96,37.79480,-122.40945
1682000200.0,-0.01,-0.03,1.02,37.79490,-122.40940
1682000201.0,0.00,-0.03,1.05,37.79500,-122.40935
1682000202.0,-0.05,0.01,0.95,37.79510,-122.40930
1682000203.0,-0.02,-0.04,1.05,37.79520,-122.40925
1682000204.0,-0.02,-0.05,1.03,37.79530,-122.40920
1682000205.0,-0.04,0.02,1.01,37.79540,-122.40915
1682000206.0,-0.04,-0.01,1.02,37.79550,-122.40910
1682000207.0,-0.01,0.05,0.97,37.79560,-122.40905
1682000208.0,-0.04,-0.01,1.04,37.79570,-122.40900
1682000209.0,-0.05,0.02,0.97,37.79580,-122.40895
1682000210.0,-0.04,0.02,1.04,37.79590,-122.40890
1682000211.0,0.02,0.04,0.95,37.79600,-122.40885
1682000212.0,-0.01,0.01,0.97,37.79610,-122.40880
1682000213.0,-0.01,-0.01,1.03,37.79620,-122.40875
1682000214.0,-0.01,-0.03,0.97,37.79630,-122.40870
1682000215.0,-0.02,0.04,0.96,37.79640,-122.40865
1682000216.0,0.01,-0.02,0.99,37.79650,-122.40860
1682000217.0,-0.04,-0.03,1.03,37.79660,-122.40855
1682000218.0,0.01,0.03,0.96,37.79670,-122.40850
1682000219.0,-0.01,-0.01,0.97,37.79680,-122.40845
1682000220.0,-0.04,-0.04,0.97,37.79690,-122.40840
1682000221.0,0.03,-0.04,0.97,37.79700,-122.40835
1682000222.0,-0.04,-0.02,1.03,37.79710,-122.40830
1682000223.0,-0.01,-0.03,0.98,37.79720,-122.40825
1682000224.0,-0.00,-0.02,0.97,37.79730,-122.40820
1682000225.0,0.05,-0.03,1.05,37.79740,-122.40815
1682000226.0,0.43,-0.01,3.20,37.79750,-122.40810
1682000227.0,-0.04,-0.04,-0.29,37.79760,-122.40805
1682000228.0,0.01,-0.04,1.03,37.79770,-122.40800
1682000229.0,-0.04,0.04,0.96,37.79780,-122.40795
1682000230.0,0.00,-0.03,0.95,37.79790,-122.40790
1682000231.0,0.01,0.00,1.03,37.79800,-122.40785
1682000232.0,-0.04,-0.03,1.00,37.79810,-122.40780
1682000233.0,-0.05,0.04,1.03,37.79820,-122.40775
1682000234.0,-0.04,-0.00,1.02,37.79830,-122.40770
1682000235.0,0.03,-0.01,0.98,37.79840,-122.40765
1682000236.0,-0.03,0.04,1.00,37.79850,-122.40760
1682000237.0,0.04,0.01,0.98,37.79860,-122.40755
1682000238.0,0.03,0.04,1.00,37.79870,-122.40750
1682000239.0,0.03,0.00,1.02,37.79880,-122.40745
1682000240.0,-0.02,0.03,1.03,37.79890,-122.40740
1682000241.0,0.01,0.05,0.97,37.79900,-122.40735
1682000242.0,0.02,-0.04,0.95,37.79910,-122.40730
1682000243.0,0.03,-0.01,1.02,37.79920,-122.40725
1682000244.0,0.03,0.01,1.04,37.79930,-122.40720
1682000245.0,0.05,-0.03,0.99,37.79940,-122.40715
1682000246.0,-0.01,-0.03,1.02,37.79950,-122.40710
1682000247.0,0.01,-0.02,0.96,37.79960,-122.40705
1682000248.0,-0.03,0.00,1.05,37.79970,-122.40700
1682000249.0,0.04,-0.04,0.96,37.79980,-122.40695
1682000250.0,-0.02,0.00,1.00,37.79990,-122.40690
1682000251.0,0.03,-0.03,0.99,37.80000,-122.40685
1682000252.0,-0.02,0.03,1.03,37.80010,-122.40680
1682000253.0,0.01,0.03,1.01,37.80020,-122.40675
1682000254.0,-0.01,-0.04,0.97,37.80030,-122.40670
1682000255.0,-0.04,0.05,0.97,37.80040,-122.40665
1682000256.0,-0.04,-0.04,0.99,37.80050,-122.40660
1682000257.0,-0.04,-0.02,1.00,37.80060,-122.40655
1682000258.0,0.04,-0.02,1.01,37.80070,-122.40650
1682000259.0,0.05,0.05,0.95,37.80080,-122.40645
1682000260.0,-0.04,0.02,0.99,37.80090,-122.40640
1682000261.0,-0.03,-0.01,1.03,37.80100,-122.40635
1682000262.0,-0.00,-0.02,0.99,37.80110,-122.40630
1682000263.0,0.01,0.04,1.04,37.80120,-122.40625
1682000264.0,0.02,-0.04,1.01,37.80130,-122.40620
1682000265.0,0.03,-0.02,1.01,37.80140,-122.40615
1682000266.0,0.01,-0.01,0.98,37.80150,-122.40610
1682000267.0,0.05,-0.04,0.99,37.80160,-122.40605
1682000268.0,0.05,-0.02,0.96,37.80170,-122.40600
1682000269.0,-0.03,0.05,1.00,37.80180,-122.40595
1682000270.0,-0.00,0.03,0.96,37.80190,-122.40590
1682000271.0,-0.13,0.01,2.62,37.80200,-122.40585
1682000272.0,-0.02,-0.01,-0.03,37.80210,-122.40580
1682000273.0,0.01,0.00,1.02,37.80220,-122.40575
1682000274.0,0.00,-0.02,0.96,37.80230,-122.40570
1682000275.0,0.01,0.01,0.97,37.80240,-122.40565
1682000276.0,-0.05,-0.02,1.01,37.80250,-122.40560
1682000277.0,-0.04,-0.03,1.04,37.80260,-122.40555
1682000278.0,0.02,-0.02,0.96,37.80270,-122.40550
1682000279.0,-0.00,0.01,1.00,37.80280,-122.40545
1682000280.0,-0.04,0.01,0.98,37.80290,-122.40540
1682000281.0,-0.01,0.03,1.05,37.80300,-122.40535
1682000282.0,0.02,0.04,0.96,37.80310,-122.40530
1682000283.0,-0.01,-0.04,0.97,37.80320,-122.40525
1682000284.0,0.04,-0.00,0.97,37.80330,-122.40520
1682000285.0,-0.02,-0.03,1.00,37.80340,-122.40515
1682000286.0,0.04,-0.04,0.95,37.80350,-122.40510
1682000287.0,0.01,0.04,1.02,37.80360,-122.40505
1682000288.0,0.02,0.00,0.96,37.80370,-122.40500
1682000289.0,0.05,-0.03,0.99,37.80380,-122.40495
1682000290.0,0.01,0.02,1.02,37.80390,-122.40490
1682000291.0,-0.04,-0.04,1.00,37.80400,-122.40485
1682000292.0,-0.03,-0.01,1.01,37.80410,-122.40480
1682000293.0,0.01,0.01,1.03,37.80420,-122.40475
1682000294.0,0.02,0.01,1.04,37.80430,-122.40470
1682000295.0,0.02,0.01,0.99,37.80440,-122.40465
1682000296.0,-0.03,-0.00,0.98,37.80450,-122.40460
1682000297.0,0.04,-0.03,0.97,37.80460,-122.40455
1682000298.0,-0.04,0.03,0.99,37.80470,-122.40450
1682000299.0,0.03,0.04,0.99,37.80480,-122.40445
1682000300.0,-0.01,0.01,1.04,37.80490,-122.40440
1682000301.0,0.04,-0.03,1.01,37.80500,-122.40435
1682000302.0,0.01,-0.03,0.97,37.80510,-122.40430
1682000303.0,0.04,0.01,1.01,37.80520,-122.40425
1682000304.0,0.05,0.00,1.03,37.80530,-122.40420
1682000305.0,0.04,-0.01,1.04,37.80540,-122.40415
1682000306.0,0.03,-0.03,1.05,37.80550,-122.40410
1682000307.0,0.02,-0.04,0.99,37.80560,-122.40405
1682000308.0,0.01,-0.02,0.99,37.80570,-122.40400
1682000309.0,0.01,0.01,1.00,37.80580,-122.40395
1682000310.0,-0.04,0.05,1.01,37.80590,-122.40390
1682000311.0,0.02,0.04,0.97,37.80600,-122.40385
1682000312.0,0.04,0.01,0.97,37.80610,-122.40380
1682000313.0,-0.02,0.00,1.01,37.80620,-122.40375
1682000314.0,0.04,0.04,0.95,37.80630,-122.40370
1682000315.0,-0.01,0.02,1.02,37.80640,-122.40365
1682000316.0,0.15,0.01,3.37,37.80650,-122.40360
1682000317.0,-0.05,0.03,0.17,37.80660,-122.40355
1682000318.0,-0.02,-0.04,1.04,37.80670,-122.40350
1682000319.0,-0.05,-0.02,0.98,37.80680,-122.40345
1682000320.0,0.01,-0.01,1.03,37.80690,-122.40340
1682000321.0,0.03,0.03,0.96,37.80700,-122.40335
1682000322.0,-0.05,0.02,0.96,37.80710,-122.40330
1682000323.0,-0.05,-0.02,1.04,37.80720,-122.40325
1682000324.0,0.05,-0.05,1.03,37.80730,-122.40320
1682000325.0,0.03,-0.00,0.98,37.80740,-122.40315
1682000326.0,-0.00,0.04,1.02,37.80750,-122.40310
1682000327.0,0.01,-0.04,1.01,37.80760,-122.40305
1682000328.0,-0.04,0.01,0.98,37.80770,-122.40300
1682000329.0,0.01,0.01,1.02,37.80780,-122.40295
1682000330.0,0.04,0.03,1.05,37.80790,-122.40290
1682000331.0,-0.04,0.03,1.00,37.80800,-122.40285
1682000332.0,-0.02,-0.05,1.01,37.80810,-122.40280
1682000333.0,-0.03,0.04,0.96,37.80820,-122.40275
1682000334.0,-0.05,0.03,1.05,37.80830,-122.40270
1682000335.0,-0.05,-0.04,1.01,37.80840,-122.40265
1682000336.0,-0.02,-0.03,1.00,37.80850,-122.40260
1682000337.0,0.02,0.01,1.00,37.80860,-122.40255
1682000338.0,0.05,-0.02,0.98,37.80870,-122.40250
1682000339.0,-0.00,-0.01,1.00,37.80880,-122.40245
1682000340.0,-0.04,-0.04,0.99,37.80890,-122.40240
1682000341.0,0.04,0.01,0.98,37.80900,-122.40235
1682000342.0,0.01,-0.04,0.99,37.80910,-122.40230
1682000343.0,-0.04,-0.02,1.01,37.80920,-122.40225
1682000344.0,0.04,-0.05,0.99,37.80930,-122.40220
1682000345.0,-0.04,-0.00,1.02,37.80940,-122.40215
1682000346.0,-0.03,0.01,1.04,37.80950,-122.40210
1682000347.0,-0.05,-0.01,1.00,37.80960,-122.40205
1682000348.0,0.01,-0.04,0.99,37.80970,-122.40200
1682000349.0,0.00,-0.03,0.99,37.80980,-122.40195
1682000350.0,0.01,-0.04,1.01,37.80990,-122.40190
1682000351.0,-0.00,-0.04,0.96,37.81000,-122.40185
1682000352.0,-0.00,-0.05,1.01,37.81010,-122.40180
1682000353.0,0.03,0.02,1.04,37.81020,-122.40175
1682000354.0,-0.02,-0.02,0.97,37.81030,-122.40170
1682000355.0,-0.01,0.01,0.99,37.81040,-122.40165
1682000356.0,-0.04,-0.04,1.01,37.81050,-122.40160
1682000357.0,-0.03,0.01,0.97,37.81060,-122.40155
1682000358.0,-0.01,-0.04,1.02,37.81070,-122.40150
1682000359.0,-0.00,-0.02,0.98,37.81080,-122.40145
1682000360.0,0.03,0.03,0.98,37.81090,-122.40140
1682000361.0,0.13,-0.01,3.12,37.81100,-122.40135
1682000362.0,-0.04,0.05,0.30,37.81110,-122.40130
1682000363.0,0.00,-0.02,0.98,37.81120,-122.40125
1682000364.0,0.01,0.05,0.99,37.81130,-122.40120
1682000365.0,-0.00,-0.02,0.97,37.81140,-122.40115
1682000366.0,-0.04,0.00,1.03,37.81150,-122.40110
1682000367.0,-0.01,0.02,1.05,37.81160,-122.40105
1682000368.0,0.05,-0.04,0.95,37.81170,-122.40100
1682000369.0,-0.01,0.03,1.03,37.81180,-122.40095
1682000370.0,-0.04,0.03,1.02,37.81190,-122.40090
1682000371.0,0.02,-0.01,0.96,37.81200,-122.40085
1682000372.0,0.01,0.01,1.04,37.81210,-122.40080
1682000373.0,-0.05,-0.02,1.02,37.81220,-122.40075
1682000374.0,-0.01,0.05,1.01,37.81230,-122.40070
1682000375.0,-0.02,0.03,0.99,37.81240,-122.40065
1682000376.0,0.04,0.02,1.03,37.81250,-122.40060
1682000377.0,0.03,0.02,1.00,37.81260,-122.40055
1682000378.0,0.01,0.05,0.96,37.81270,-122.40050
1682000379.0,-0.04,-0.01,0.96,37.81280,-122.40045
1682000380.0,0.00,-0.02,1.00,37.81290,-122.40040
1682000381.0,0.03,-0.05,0.99,37.81300,-122.40035
1682000382.0,-0.01,0.01,0.97,37.81310,-122.40030
1682000383.0,-0.04,0.02,0.95,37.81320,-122.40025
1682000384.0,0.04,-0.02,1.00,37.81330,-122.40020
1682000385.0,-0.02,-0.05,1.00,37.81340,-122.40015
1682000386.0,-0.02,0.02,1.05,37.81350,-122.40010
1682000387.0,0.02,0.04,1.02,37.81360,-122.40005
1682000388.0,-0.03,-0.03,1.03,37.81370,-122.40000
1682000389.0,0.04,-0.04,1.04,37.81380,-122.39995
1682000390.0,0.02,0.02,0.99,37.81390,-122.39990
1682000391.0,0.04,0.02,0.96,37.81400,-122.39985
1682000392.0,-0.00,-0.04,1.01,37.81410,-122.39980
1682000393.0,0.02,0.02,1.01,37.81420,-122.39975
1682000394.0,-0.00,-0.04,0.99,37.81430,-122.39970
1682000395.0,-0.03,-0.01,0.97,37.81440,-122.39965
1682000396.0,-0.04,0.01,1.01,37.81450,-122.39960
1682000397.0,0.02,-0.02,0.97,37.81460,-122.39955
1682000398.0,-0.03,-0.04,0.97,37.81470,-122.39950
1682000399.0,-0.04,-0.03,1.00,37.81480,-122.39945
1682000400.0,0.05,0.01,0.96,37.81490,-122.39940
1682000401.0,-0.01,0.04,1.04,37.81500,-122.39935
1682000402.0,-0.02,0.05,0.96,37.81510,-122.39930
1682000403.0,-0.04,0.02,1.00,37.81520,-122.39925
1682000404.0,-0.03,0.03,1.01,37.81530,-122.39920
1682000405.0,-0.01,-0.02,1.01,37.81540,-122.39915
1682000406.0,-0.07,-0.04,4.18,37.81550,-122.39910
1682000407.0,-0.01,-0.04,0.10,37.81560,-122.39905
1682000408.0,0.01,0.01,0.95,37.81570,-122.39900
1682000409.0,0.05,-0.03,1.04,37.81580,-122.39895
1682000410.0,-0.04,0.04,0.96,37.81590,-122.39890
1682000411.0,0.02,0.01,1.02,37.81600,-122.39885
1682000412.0,0.00,0.05,0.99,37.81610,-122.39880
1682000413.0,0.01,0.01,0.99,37.81620,-122.39875
1682000414.0,0.02,0.04,0.97,37.81630,-122.39870
1682000415.0,-0.02,-0.05,1.05,37.81640,-122.39865
1682000416.0,0.01,0.03,0.96,37.81650,-122.39860
1682000417.0,0.02,-0.04,0.96,37.81660,-122.39855
1682000418.0,0.05,-0.03,0.99,37.81670,-122.39850
1682000419.0,-0.01,-0.03,0.96,37.81680,-122.39845
1682000420.0,0.03,-0.01,1.04,37.81690,-122.39840
1682000421.0,0.01,-0.03,1.02,37.81700,-122.39835
1682000422.0,-0.04,-0.00,1.01,37.81710,-122.39830
1682000423.0,-0.01,-0.01,0.95,37.81720,-122.39825
1682000424.0,0.04,0.04,0.99,37.81730,-122.39820
1682000425.0,0.02,-0.01,1.00,37.81740,-122.39815
1682000426.0,-0.04,-0.04,1.04,37.81750,-122.39810
1682000427.0,0.00,0.01,0.97,37.81760,-122.39805
1682000428.0,-0.00,-0.02,1.00,37.81770,-122.39800
1682000429.0,-0.04,0.01,0.95,37.81780,-122.39795
1682000430.0,-0.03,-0.02,0.95,37.81790,-122.39790
1682000431.0,-0.01,-0.05,0.99,37.81800,-122.39785
1682000432.0,0.01,-0.05,1.02,37.81810,-122.39780
1682000433.0,0.01,-0.02,0.95,37.81820,-122.39775
1682000434.0,0.02,-0.04,1.04,37.81830,-122.39770
1682000435.0,0.01,-0.03,0.97,37.81840,-122.39765
1682000436.0,0.02,-0.04,1.00,37.81850,-122.39760
1682000437.0,0.00,-0.01,1.03,37.81860,-122.39755
1682000438.0,0.01,0.01,1.00,37.81870,-122.39750
1682000439.0,0.00,0.01,1.02,37.81880,-122.39745
1682000440.0,-0.03,0.03,1.01,37.81890,-122.39740
1682000441.0,-0.04,-0.03,1.02,37.81900,-122.39735
1682000442.0,0.02,0.03,1.02,37.81910,-122.39730
1682000443.0,-0.03,0.04,0.98,37.81920,-122.39725
1682000444.0,0.02,-0.03,0.96,37.81930,-122.39720
1682000445.0,-0.03,0.02,1.01,37.81940,-122.39715
1682000446.0,0.01,0.02,0.96,37.81950,-122.39710
1682000447.0,0.00,0.03,1.05,37.81960,-122.39705
1682000448.0,-0.01,0.01,0.98,37.81970,-122.39700
1682000449.0,0.01,0.03,0.97,37.81980,-122.39695
1682000450.0,-0.03,-0.01,1.04,37.81990,-122.39690
1682000451.0,-0.49,-0.01,3.58,37.82000,-122.39685
1682000452.0,-0.02,-0.03,0.31,37.82010,-122.39680
1682000453.0,0.03,0.03,1.02,37.82020,-122.39675
1682000454.0,-0.03,-0.04,0.98,37.82030,-122.39670
1682000455.0,-0.05,0.01,1.04,37.82040,-122.39665
1682000456.0,-0.04,0.04,0.98,37.82050,-122.39660
1682000457.0,0.04,0.04,0.97,37.82060,-122.39655
1682000458.0,0.05,0.00,1.02,37.82070,-122.39650
1682000459.0,-0.03,0.00,1.01,37.82080,-122.39645
1682000460.0,-0.02,-0.00,0.98,37.82090,-122.39640
1682000461.0,0.02,0.00,1.03,37.82100,-122.39635
1682000462.0,-0.04,0.03,1.03,37.82110,-122.39630
1682000463.0,-0.05,-0.00,1.02,37.82120,-122.39625
1682000464.0,0.02,-0.01,1.00,37.82130,-122.39620
1682000465.0,-0.01,-0.02,0.96,37.82140,-122.39615
1682000466.0,0.05,0.01,1.00,37.82150,-122.39610
1682000467.0,-0.00,0.00,1.02,37.82160,-122.39605
1682000468.0,0.02,0.01,1.01,37.82170,-122.39600
1682000469.0,-0.04,-0.01,1.02,37.82180,-122.39595
1682000470.0,0.01,-0.02,1.04,37.82190,-122.39590
1682000471.0,0.01,-0.02,1.05,37.82200,-122.39585
1682000472.0,0.03,-0.04,1.01,37.82210,-122.39580
1682000473.0,-0.02,-0.01,1.03,37.82220,-122.39575
1682000474.0,0.03,0.04,0.97,37.82230,-122.39570
1682000475.0,0.03,0.04,1.01,37.82240,-122.39565
1682000476.0,-0.05,-0.03,0.95,37.82250,-122.39560
1682000477.0,0.05,0.01,0.97,37.82260,-122.39555
1682000478.0,0.02,0.04,1.04,37.82270,-122.39550
1682000479.0,0.01,-0.05,0.98,37.82280,-122.39545
1682000480.0,-0.03,-0.01,1.04,37.82290,-122.39540
1682000481.0,-0.05,-0.02,0.98,37.82300,-122.39535
1682000482.0,0.04,-0.03,1.01,37.82310,-122.39530
1682000483.0,0.01,0.00,1.01,37.82320,-122.39525
1682000484.0,-0.00,-0.04,1.05,37.82330,-122.39520
1682000485.0,0.04,0.01,1.02,37.82340,-122.39515
1682000486.0,-0.02,-0.03,0.99,37.82350,-122.39510
1682000487.0,-0.00,0.05,1.04,37.82360,-122.39505
1682000488.0,0.03,0.05,1.01,37.82370,-122.39500
1682000489.0,0.02,-0.04,0.99,37.82380,-122.39495
1682000490.0,-0.02,0.02,0.99,37.82390,-122.39490
1682000491.0,0.05,0.03,1.00,37.82400,-122.39485
1682000492.0,-0.02,-0.02,0.98,37.82410,-122.39480
1682000493.0,-0.03,-0.03,1.00,37.82420,-122.39475
1682000494.0,-0.01,-0.04,1.00,37.82430,-122.39470
1682000495.0,-0.04,-0.02,0.99,37.82440,-122.39465
1682000496.0,0.16,0.02,2.68,37.82450,-122.39460
1682000497.0,-0.02,0.02,-0.32,37.82460,-122.39455
1682000498.0,-0.04,0.02,1.02,37.82470,-122.39450
1682000499.0,0.03,0.03,1.04,37.82480,-122.39445
1682000500.0,-0.01,0.04,1.02,37.82490,-122.39440
